concept,label,balance,2014-09-28,2015-09-27,2016-10-02,2017-10-01,2018-09-30,2019-09-29,2020-09-27,2021-10-03,2022-10-02,2023-10-01,2024-09-29,2025-09-28,validation_errors
Revenue,Revenue,,12977900000.0,15197300000.0,16844100000.0,2381100000.0,24719500000.0,26508600000.0,23518000000.0,29060600000.0,32250300000.0,35975600000.0,36176200000.0,37184400000.0,
CostOfGoodsSold,Cost of Goods and Services Sold,,6858800000.0,7787500000.0,8511100000.0,9038200000.0,10174500000.0,8526900000.0,7694900000.0,8738700000.0,10317400000.0,11409100000.0,11180600000.0,11658200000.0,
GrossProfit,Gross Profit,,-,-,-,-,-,-,-,-,-,-,-,-,
OperatingIncome,Operating Income,,3081100000.0,3601000000.0,4171900000.0,4134700000.0,3883300000.0,4077900000.0,1561700000.0,4872100000.0,4617800000.0,5870800000.0,5408800000.0,2936600000.0,
ResearchAndDevelopment,Research and Development,,-,-,-,-,-,-,-,-,-,-,-,-,
SellingGeneralAdministrative,General and Administrative Expense,,991300000.0,1196700000.0,1360600000.0,1393300000.0,1759000000.0,1824100000.0,1679600000.0,1932600000.0,2032000000.0,2441300000.0,2523300000.0,2617200000.0,
OtherOperatingIncomeExpense,Other operating expenses,,457300000.0,522400000.0,545400000.0,553800000.0,539300000.0,371000000.0,430300000.0,359500000.0,461500000.0,539400000.0,565600000.0,584600000.0,
EquityMethodIncome,Income from equity investees,,268300000.0,249900000.0,318200000.0,391400000.0,301200000.0,298000000.0,322500000.0,385300000.0,234100000.0,298400000.0,301200000.0,247800000.0,
InterestExpense,Interest Expense,,64100000.0,70500000.0,81300000.0,92500000.0,170300000.0,331000000.0,437000000.0,469800000.0,482900000.0,550100000.0,562000000.0,542600000.0,
InterestIncome,"Interest income and other, net",,142700000.0,43000000.0,108000000.0,275300000.0,191400000.0,96500000.0,39700000.0,90100000.0,97000000.0,81200000.0,122800000.0,113300000.0,
OtherNonoperatingIncomeExpense,Gain from sale of assets,,-,390600000.0,0.0,0.0,499200000.0,622800000.0,0.0,864500000.0,0.0,91300000.0,0.0,0.0,
PretaxIncome,Income Before Tax from Continuing Operations,,3159700000.0,3903000000.0,4198600000.0,4317500000.0,5780000000.0,4466200000.0,1164400000.0,5356900000.0,4231900000.0,5401900000.0,4969600000.0,2507300000.0,
IncomeTaxExpense,Income Tax Expense,,1092000000.0,1143700000.0,1379700000.0,1432600000.0,1262000000.0,871600000.0,239700000.0,1156600000.0,948500000.0,1277200000.0,1207300000.0,650600000.0,
NetIncome,Net Income,,2068100000.0,2757400000.0,2817700000.0,2884700000.0,4518300000.0,3599200000.0,928300000.0,4199300000.0,3281600000.0,4124500000.0,3760900000.0,1856400000.0,
NetIncomeAttributableToNCI,Net Income Attributable to Noncontrolling Interest,,-400000.0,1900000.0,1200000.0,200000.0,-300000.0,-4600000.0,-3600000.0,1000000.0,1800000.0,200000.0,1400000.0,300000.0,
EPSBasic,Earnings Per Share (Basic),,1.37,1.84,1.91,1.99,3.27,2.95,0.79,3.57,2.85,3.6,3.32,1.63,
EPSDiluted,Earnings Per Share (Diluted),,1.35,1.82,1.9,1.97,3.24,2.92,0.79,3.54,2.83,3.58,3.31,1.63,
SharesBasic,Shares Outstanding (Basic),,1506300000.0,1495900000.0,1471600000.0,1449500000.0,1382700000.0,1221200000.0,1172800000.0,1177600000.0,1153300000.0,1146800000.0,1133800000.0,1136000000.0,
SharesDiluted,Shares Outstanding (Diluted),,1526300000.0,1513400000.0,1486700000.0,1461500000.0,1394600000.0,1233200000.0,1181800000.0,1185500000.0,1158500000.0,1151300000.0,1137300000.0,1139800000.0,
EBITDA,EBITDA,,-,-,-,-,-,-,-,-,-,-,-,-,
EBIT,EBIT,,-,-,-,-,-,-,-,-,-,-,-,-,
RestructuringImpairment,Restructuring Charges,,-,-,-,153500000.0,224400000.0,135800000.0,278700000.0,170400000.0,46000000.0,21800000.0,0.0,892000000.0,
sbux_CPGFoodserviceandOtherMember,"CPG, foodservice and other [Member]",,,,,,,,,,,,,,
sbux_CompanyOperatedStoresMember,Company-Operated Stores [Member],,,,,,,,,,,,,,
sbux_LicensedStoresMember,Licensed Stores [Member],,,,,,,,,,,,,,
srt_ProductOrServiceAxis,Product and Service [Axis],,,,,,,,,,,,,,
srt_ProductsAndServicesDomain,Product and Service [Domain],,,,,,,,,,,,,,
us-gaap_BusinessCombinationStepAcquisitionEquityInterestInAcquireeRemeasurementGain,Gain resulting from acquisition of joint venture,,0.0,,,,1376400000.0,0.0,0.0,,,,,,
us-gaap_GainLossOnSaleOfBusiness,Gain (Loss) on Disposition of Business,,,,,,,,,,,0.0,,,
us-gaap_GainLossRelatedToLitigationSettlement,Litigation credit,,20200000.0,0.0,0.0,,,,,,,,,,
us-gaap_GainsLossesOnExtinguishmentOfDebt,Loss on extinguishment of debt,,0.0,-61100000.0,0.0,0.0,,,,,,,,,
us-gaap_CostsAndExpenses,Costs and Expenses,,13635000000.0,15811600000.0,17462200000.0,18643500000.0,21137400000.0,22728700000.0,22278800000.0,24573800000.0,27866600000.0,30494500000.0,31068600000.0,34495600000.0,
us-gaap_DepreciationAndAmortization,Depreciation and Amortization,,709600000.0,893900000.0,980800000.0,1011400000.0,1247000000.0,1377300000.0,1431300000.0,1441700000.0,1447900000.0,1362600000.0,1512600000.0,1684700000.0,
us-gaap_EntityOperatedUnitsMember,Company-operated stores [Member],,,,,,,,,,,,,,
us-gaap_FranchisedUnitsMember,Licensed stores [Member],,,,,,,,,,,,,,
us-gaap_FranchisorDisclosureAxis,Franchisor Disclosure [Axis],,,,,,,,,,,,,,
us-gaap_FranchisorDisclosureDomain,Franchisor Disclosure [Domain],,,,,,,,,,,,,,
us-gaap_IncomeStatementAbstract,Income Statement [Abstract],,,,,,,,,,,,,,
us-gaap_ProductAndServiceOtherMember,"Product and Service, Other [Member]",,,,,,,,,,,,,,
us-gaap_ProductOrServiceAxis,Products and Services [Axis],,,,,,,,,,,,,,
us-gaap_ProductsAndServicesDomain,Products and Services [Domain],,,,,,,,,,,,,,
us-gaap_RestructuringSettlementAndImpairmentProvisions,Restructuring Charges,,,,,,,,,,,,,,
us-gaap_RevenuesAbstract,Net Revenues:,,,,,,,,,,,,,,
us-gaap_SalesRevenueNet,Company-operated stores,,,,,,,,,,,,,,
us-gaap_SalesRevenueNetAbstract,Net Revenues:,,,,,,,,,,,,,,
us-gaap_StatementLineItems,Statement [Line Items],,,,,,,,,,,,,,
us-gaap_StatementTable,Statement [Table],,,,,,,,,,,,,,
us-gaap_WeightedAverageNumberOfSharesOutstandingAbstract,Shares Outstanding,,,,,,,,,,,,,,
,,,,,,,,,,,,,,,"['Cannot validate Gross Profit (-) due to missing Revenue or Cost of Goods Sold.', 'Cannot fully validate Operating Income (3081100000.0) due to missing Gross Profit or Operating Expense components (SG&A, R&D, Other Operating Income/Expense).', 'Diluted EPS (1.35) does not match Net Income divided by Diluted Shares Outstanding (2068100000.0 / 1526300000.0). Calculated: 1.35']"
,,,,,,,,,,,,,,,"['Cannot validate Gross Profit (-) due to missing Revenue or Cost of Goods Sold.', 'Cannot fully validate Operating Income (3601000000.0) due to missing Gross Profit or Operating Expense components (SG&A, R&D, Other Operating Income/Expense).', 'Diluted EPS (1.82) does not match Net Income divided by Diluted Shares Outstanding (2757400000.0 / 1513400000.0). Calculated: 1.82']"
,,,,,,,,,,,,,,,"['Cannot validate Gross Profit (-) due to missing Revenue or Cost of Goods Sold.', 'Cannot fully validate Operating Income (4171900000.0) due to missing Gross Profit or Operating Expense components (SG&A, R&D, Other Operating Income/Expense).', 'Diluted EPS (1.9) does not match Net Income divided by Diluted Shares Outstanding (2817700000.0 / 1486700000.0). Calculated: 1.90']"
,,,,,,,,,,,,,,,"['Gross Profit (-) does not equal Revenue minus COGS (2381100000.0 - 9038200000.0). Calculated: -6657100000.00', 'Cannot fully validate Operating Income (4134700000.0) due to missing Gross Profit or Operating Expense components (SG&A, R&D, Other Operating Income/Expense).', 'Diluted EPS (1.97) does not match Net Income divided by Diluted Shares Outstanding (2884700000.0 / 1461500000.0). Calculated: 1.97']"
,,,,,,,,,,,,,,,"['Cannot validate Gross Profit (-) due to missing Revenue or Cost of Goods Sold.', 'Cannot fully validate Operating Income (3883300000.0) due to missing Gross Profit or Operating Expense components (SG&A, R&D, Other Operating Income/Expense).', 'Diluted EPS (3.24) does not match Net Income divided by Diluted Shares Outstanding (4518300000.0 / 1394600000.0). Calculated: 3.24']"
,,,,,,,,,,,,,,,"['Cannot validate Gross Profit (-) due to missing Revenue or Cost of Goods Sold.', 'Cannot fully validate Operating Income (4077900000.0) due to missing Gross Profit or Operating Expense components (SG&A, R&D, Other Operating Income/Expense).', 'Diluted EPS (2.92) does not match Net Income divided by Diluted Shares Outstanding (3599200000.0 / 1233200000.0). Calculated: 2.92']"
,,,,,,,,,,,,,,,"['Cannot validate Gross Profit (-) due to missing Revenue or Cost of Goods Sold.', 'Cannot fully validate Operating Income (1561700000.0) due to missing Gross Profit or Operating Expense components (SG&A, R&D, Other Operating Income/Expense).', 'Diluted EPS (0.79) does not match Net Income divided by Diluted Shares Outstanding (928300000.0 / 1181800000.0). Calculated: 0.79']"
,,,,,,,,,,,,,,,"['Cannot validate Gross Profit (-) due to missing Revenue or Cost of Goods Sold.', 'Cannot fully validate Operating Income (4872100000.0) due to missing Gross Profit or Operating Expense components (SG&A, R&D, Other Operating Income/Expense).', 'Diluted EPS (3.54) does not match Net Income divided by Diluted Shares Outstanding (4199300000.0 / 1185500000.0). Calculated: 3.54']"
,,,,,,,,,,,,,,,"['Cannot validate Gross Profit (-) due to missing Revenue or Cost of Goods Sold.', 'Cannot fully validate Operating Income (4617800000.0) due to missing Gross Profit or Operating Expense components (SG&A, R&D, Other Operating Income/Expense).', 'Diluted EPS (2.83) does not match Net Income divided by Diluted Shares Outstanding (3281600000.0 / 1158500000.0). Calculated: 2.83']"
,,,,,,,,,,,,,,,"['Cannot validate Gross Profit (-) due to missing Revenue or Cost of Goods Sold.', 'Cannot fully validate Operating Income (5870800000.0) due to missing Gross Profit or Operating Expense components (SG&A, R&D, Other Operating Income/Expense).', 'Diluted EPS (3.58) does not match Net Income divided by Diluted Shares Outstanding (4124500000.0 / 1151300000.0). Calculated: 3.58']"
,,,,,,,,,,,,,,,"['Cannot validate Gross Profit (-) due to missing Revenue or Cost of Goods Sold.', 'Cannot fully validate Operating Income (5408800000.0) due to missing Gross Profit or Operating Expense components (SG&A, R&D, Other Operating Income/Expense).', 'Diluted EPS (3.31) does not match Net Income divided by Diluted Shares Outstanding (3760900000.0 / 1137300000.0). Calculated: 3.31']"
,,,,,,,,,,,,,,,"['Cannot validate Gross Profit (-) due to missing Revenue or Cost of Goods Sold.', 'Cannot fully validate Operating Income (2936600000.0) due to missing Gross Profit or Operating Expense components (SG&A, R&D, Other Operating Income/Expense).', 'Diluted EPS (1.63) does not match Net Income divided by Diluted Shares Outstanding (1856400000.0 / 1139800000.0). Calculated: 1.63']"
